{"max": [0.0287373, 0.115, 0.00462353], "centroid": [-0.0002662970744254171, 0.06941448343451337, -0.00067608744107989], "id": "2c6d9512b4013504ff0682cfb57a62dd", "numVertices": 2741, "min": [-0.0292779, 0.0, -0.00460562]}
