{"max": [45.8254, 91.5544, 34.7064], "centroid": [8.064014911083007, 50.23340105498396, 6.254015058205789], "id": "1b781ad3315b36510f233dcbf8432d5", "numVertices": 2237, "min": [-21.6367, 0.0, -35.0882]}
