{"max": [5.79683, 13.4091, 8.98358], "centroid": [3.2975386791764483, 10.567124981518202, 6.4872621457544835], "id": "26e099d5d7040b03b96aa5dc23c036c", "numVertices": 29337, "min": [0.770319, 0.0, 3.98884]}
