{"max": [0.0594107, 0.250192, 0.0618647], "centroid": [0.011422904351460508, 0.11756766341047552, 0.003809388094255093], "id": "6d839fc8ad123620f20d6153247513c5", "numVertices": 9304, "min": [-0.0559143, -4.62653e-05, -0.0627787]}
