{"max": [-5.00508, 14.5238, 0.708025], "centroid": [-8.75778463768116, 11.64284833333334, 0.4165017318840579], "id": "3ef278f78ddb1db52a39b1d7ef8834b0", "numVertices": 138, "min": [-9.68345, 6.36248, 0.0]}
