{"max": [-0.137911, -0.0540844, 0.11252], "centroid": [-0.16694436666666668, -0.12086792333333338, 0.10871000000000001], "id": "5ae839d512364bd4da0f54fde38627c3", "numVertices": 120, "min": [-0.207761, -0.189212, 0.1049]}
